{
  "$schema": "https://developer.microsoft.com/json-schemas/spfx-build/package-solution.schema.json",
  "solution": {
    "name": "datatable-storetasks-client-side-solution",
    "id": "c55be956-fdc6-49e2-850e-22d622588a3f",
    "version": "1.0.0.0",
    "includeClientSideAssets": true,
    "skipFeatureDeployment": true,
    "isDomainIsolated": false,
    "developer": {
      "name": "",
      "websiteUrl": "",
      "privacyUrl": "",
      "termsOfUseUrl": "",
      "mpnId": "Undefined-1.14.0"
    },
    "metadata": {
      "shortDescription": {
        "default": "datatable-storetasks description"
      },
      "longDescription": {
        "default": "datatable-storetasks description"
      },
      "screenshotPaths": [],
      "videoUrl": "",
      "categories": []
    },
    "features": [
      {
        "title": "datatable-storetasks Feature",
        "description": "The feature that activates elements of the datatable-storetasks solution.",
        "id": "87762189-ea1f-49e5-9666-8f5a9cb8b200",
        "version": "1.0.0.0"
      }
    ]
  },
  "paths": {
    "zippedPackage": "solution/datatable-storetasks.sppkg"
  }
}
